{"chrome://navigator/content/navigator.xul":{"main-window":{"screenX":"170","screenY":"79","width":"1075","height":"758","sizemode":"normal"},"PersonalToolbar":{"collapsed":"false","moz-collapsed":"","hidden":"true","currentset":"home-button,separator,bookmarks-button,personal-bookmarks"},"status-bar":{"hidden":"true"},"cmd_viewtaskbar":{"checked":"false"},"toolbar-menubar":{"autohide":"true","currentset":"menubar-items","collapsed":"false","mode":"text","iconsize":"small","labelalign":""},"nav-bar":{"mode":"icons","collapsed":"false","currentset":"back-button,forward-button,reload-button,stop-button,nav-bar-inner,search-button-container,print-button,throbber-box,window-controls","iconsize":"small","ignoremodepref":"true","labelalign":""}},"about:config":{"prefCol":{"ordinal":"1","width":"540"},"lockCol":{"ordinal":"3","sortDirection":"ascending","width":"107"},"typeCol":{"ordinal":"5","width":"98"},"valueCol":{"ordinal":"7","width":"238"}},"chrome://global/content/customizeToolbar.xul":{"CustomizeToolbarWindow":{"width":"830","height":"600"}},"chrome://communicator/content/pref/preferences.xul":{"prefDialog":{"screenX":"983","screenY":"553","lastSelected":"navigator_pane"}}}