<?xml version="1.0" encoding="UTF-8"?>

<channel name="displays" version="1.0">
  <property name="ActiveProfile" type="string" value="Default"/>
  <property name="Default" type="empty">
    <property name="rdp0" type="string" value="rdp0">
      <property name="Active" type="bool" value="true"/>
      <property name="EDID" type="string" value=""/>
      <property name="Resolution" type="string" value="1920x1080"/>
      <property name="RefreshRate" type="double" value="50.000000"/>
      <property name="Rotation" type="int" value="0"/>
      <property name="Reflection" type="string" value="0"/>
      <property name="Primary" type="bool" value="false"/>
      <property name="Position" type="empty">
        <property name="X" type="int" value="0"/>
        <property name="Y" type="int" value="0"/>
      </property>
    </property>
  </property>
</channel>
