<?xml version="1.0" encoding="UTF-8"?>

<channel name="thunar" version="1.0">
  <property name="last-view" type="string" value="ThunarDetailsView"/>
  <property name="last-location-bar" type="string" value="ThunarLocationEntry"/>
  <property name="last-icon-view-zoom-level" type="string" value="THUNAR_ZOOM_LEVEL_100_PERCENT"/>
  <property name="last-separator-position" type="int" value="170"/>
  <property name="misc-single-click" type="bool" value="false"/>
  <property name="default-view" type="string" value="ThunarDetailsView"/>
  <property name="misc-volume-management" type="bool" value="false"/>
  <property name="last-details-view-zoom-level" type="string" value="THUNAR_ZOOM_LEVEL_38_PERCENT"/>
  <property name="last-details-view-column-widths" type="string" value="50,133,50,50,957,50,50,62,50,66"/>
  <property name="hidden-bookmarks" type="array">
    <value type="string" value="network://"/>
  </property>
  <property name="hidden-devices" type="array">
    <value type="string" value="Filesystem root"/>
  </property>
  <property name="last-window-width" type="int" value="1390"/>
  <property name="last-window-height" type="int" value="829"/>
  <property name="last-window-maximized" type="bool" value="false"/>
</channel>
