<?xml version="1.0" encoding="UTF-8"?>

<channel name="xfce4-panel" version="1.0">
  <property name="configver" type="int" value="2"/>
  <property name="panels" type="array">
    <value type="int" value="1"/>
    <property name="panel-1" type="empty">
      <property name="position" type="string" value="p=6;x=800;y=18"/>
      <property name="length" type="uint" value="100"/>
      <property name="position-locked" type="bool" value="true"/>
      <property name="icon-size" type="uint" value="24"/>
      <property name="size" type="uint" value="36"/>
      <property name="plugin-ids" type="array">
        <value type="int" value="7"/>
        <value type="int" value="1"/>
        <value type="int" value="16"/>
        <value type="int" value="2"/>
        <value type="int" value="3"/>
        <value type="int" value="4"/>
        <value type="int" value="5"/>
        <value type="int" value="6"/>
        <value type="int" value="8"/>
        <value type="int" value="10"/>
        <value type="int" value="11"/>
        <value type="int" value="12"/>
        <value type="int" value="13"/>
        <value type="int" value="17"/>
        <value type="int" value="14"/>
        <value type="int" value="9"/>
      </property>
      <property name="disable-struts" type="bool" value="false"/>
      <property name="background-style" type="uint" value="1"/>
      <property name="background-rgba" type="array">
        <value type="double" value="0.827451"/>
        <value type="double" value="0.843137"/>
        <value type="double" value="0.811765"/>
        <value type="double" value="1.000000"/>
      </property>
      <property name="length-adjust" type="bool" value="true"/>
      <property name="mode" type="uint" value="0"/>
    </property>
  </property>
  <property name="plugins" type="empty">
    <property name="plugin-1" type="string" value="applicationsmenu">
      <property name="button-icon" type="string" value="xWSL-B"/>
      <property name="button-title" type="string" value="  xWSL  "/>
      <property name="show-generic-names" type="bool" value="true"/>
      <property name="custom-menu" type="bool" value="false"/>
      <property name="show-tooltips" type="bool" value="false"/>
    </property>
    <property name="plugin-2" type="string" value="tasklist">
      <property name="grouping" type="uint" value="1"/>
      <property name="show-handle" type="bool" value="false"/>
    </property>
    <property name="plugin-3" type="string" value="separator">
      <property name="expand" type="bool" value="true"/>
      <property name="style" type="uint" value="0"/>
    </property>
    <property name="plugin-4" type="string" value="pager"/>
    <property name="plugin-5" type="string" value="separator">
      <property name="style" type="uint" value="0"/>
    </property>
    <property name="plugin-6" type="string" value="systray">
      <property name="show-frame" type="bool" value="false"/>
      <property name="square-icons" type="bool" value="true"/>
      <property name="names-ordered" type="array">
        <value type="string" value="orage"/>
        <value type="string" value="remmina"/>
        <value type="string" value="networkmanager applet"/>
      </property>
    </property>
    <property name="plugin-8" type="string" value="pulseaudio">
      <property name="enable-keyboard-shortcuts" type="bool" value="true"/>
      <property name="show-notifications" type="bool" value="true"/>
    </property>
    <property name="plugin-10" type="string" value="notification-plugin"/>
    <property name="plugin-11" type="string" value="separator">
      <property name="style" type="uint" value="0"/>
    </property>
    <property name="plugin-12" type="string" value="clock">
      <property name="mode" type="uint" value="2"/>
    </property>
    <property name="plugin-13" type="string" value="separator">
      <property name="style" type="uint" value="0"/>
    </property>
    <property name="plugin-14" type="string" value="actions"/>
    <property name="plugin-7" type="string" value="separator">
      <property name="style" type="uint" value="0"/>
    </property>
    <property name="plugin-9" type="string" value="separator">
      <property name="style" type="uint" value="0"/>
    </property>
    <property name="plugin-16" type="string" value="separator">
      <property name="style" type="uint" value="0"/>
    </property>
    <property name="plugin-17" type="string" value="separator">
      <property name="style" type="uint" value="0"/>
    </property>
  </property>
</channel>
