<?xml version="1.0" encoding="UTF-8"?>

<channel name="xfce4-desktop" version="1.0">
  <property name="backdrop" type="empty">
    <property name="screen0" type="empty">
      <property name="monitorrdp0" type="empty">
        <property name="workspace0" type="empty">
          <property name="color-style" type="int" value="0"/>
          <property name="image-style" type="int" value="0"/>
          <property name="last-image" type="string" value="/usr/share/backgrounds/xfce/xfce-blue.jpg"/>
          <property name="rgba1" type="array">
            <value type="double" value="0.064000"/>
            <value type="double" value="0.082543"/>
            <value type="double" value="0.300000"/>
            <value type="double" value="1.000000"/>
          </property>
        </property>
        <property name="workspace1" type="empty">
          <property name="color-style" type="int" value="0"/>
          <property name="image-style" type="int" value="5"/>
          <property name="last-image" type="string" value="/usr/share/backgrounds/xfce/xfce-stripes.png"/>
        </property>
        <property name="workspace2" type="empty">
          <property name="color-style" type="int" value="0"/>
          <property name="image-style" type="int" value="5"/>
          <property name="last-image" type="string" value="/usr/share/backgrounds/xfce/xfce-stripes.png"/>
        </property>
        <property name="workspace3" type="empty">
          <property name="color-style" type="int" value="0"/>
          <property name="image-style" type="int" value="5"/>
          <property name="last-image" type="string" value="/usr/share/backgrounds/xfce/xfce-stripes.png"/>
        </property>
        <property name="workspace4" type="empty">
          <property name="color-style" type="int" value="0"/>
          <property name="image-style" type="int" value="5"/>
          <property name="last-image" type="string" value="/usr/share/backgrounds/xfce/xfce-stripes.png"/>
        </property>
      </property>
    </property>
  </property>
  <property name="desktop-icons" type="empty">
    <property name="icon-size" type="uint" value="64"/>
    <property name="file-icons" type="empty">
      <property name="show-removable" type="bool" value="false"/>
    </property>
  </property>
  <property name="last" type="empty">
    <property name="window-width" type="int" value="644"/>
    <property name="window-height" type="int" value="609"/>
  </property>
</channel>
